factor,Rho2(PC1),Rho2(PC2),Rho2(PC3)
genotype,0.319508653717148,0.40979770724944464,0.45514732603535707
diet,0.25504449844218197,0.41376186997808617,0.6159320489822422
gender,1.0,0.6532467381888233,0.3366090414739063
