label,PC1,PC2,PC3
explained variance,90.72809643098154,81.51415469111396,47.561851184372514
explained variance ratio,0.14009518400276832,0.12586774052918578,0.07344126632542937
