label,PC1,PC2,PC3
explained variance,22.405517652833336,19.684888146138643,11.608641161876294
explained variance ratio,0.1414652130531321,0.12428754999857942,0.073295289163494
