factor,Rho2(PC1),Rho2(PC2),Rho2(PC3)
genotype,0.32859306079383305,0.40979770724944464,0.45064351720722384
diet,0.2695440503934713,0.41210781658658113,0.6260740166531673
gender,1.0,0.6632708384059738,0.3303660417173931
