factor,R2(PC1),R2(PC2),R2(PC3)
genotype,0.2965377790852277,0.47004170841024023,0.4403823035698147
diet,0.22256250072177344,0.42814285012048703,0.6059344649068659
gender,0.9617930563989345,0.43050136853934656,0.3797149524576118
