factor,R2(PC1),R2(PC2),R2(PC3)
genotype,0.2729748542858013,0.25418806556922047,0.421586040456409
diet,0.43795041998551015,0.22927061850617264,0.23679291690360071
gender,0.4725238978369076,0.29673911655260615,0.47737699746074913
