label,PC1,PC2,PC3
explained variance,6.374216648469806,4.99831464580441,3.8678150980665547
explained variance ratio,0.15190983519873902,0.11911944572794952,0.09217746846862104
