label,PC1,PC2,PC3
explained variance,1.5248121830397652,1.0986961642687492,0.8614842468035874
explained variance ratio,0.16214436747683872,0.1168323525914138,0.0916078844613912
