factor,Rho2(PC1),Rho2(PC2),Rho2(PC3)
genotype,0.294973406942519,0.26105918383910676,0.3652701129149006
diet,0.34896617522100154,0.23267896688746115,0.3003096422401443
gender,0.45202691936282674,0.29553286325487105,0.46597754952967324
