factor,Rho2(PC1),Rho2(PC2),Rho2(PC3)
genotype,0.2860941912679365,0.2708820679477051,0.40127414783785453
diet,0.3559957530613902,0.20710113312429923,0.31544775884544224
gender,0.4568855231403494,0.3253549854322055,0.4537591535274934
