label,PC1,PC2,PC3
explained variance,196.27022056877146,18.07785856135784,12.589917154348564
explained variance ratio,0.4605731421655433,0.04242200419962042,0.029543848713159314
