label,PC1,PC2,PC3
explained variance,692.2709098292885,85.27241316408116,62.29749030852242
explained variance ratio,0.39389625767424186,0.04851927757077952,0.035446741942508464
