factor,R2(PC1),R2(PC2),R2(PC3)
genotype,0.3441967232710458,0.32732307329365185,0.20031846640127507
diet,0.18563542592862164,0.3118354206008764,0.13169848475137055
gender,0.24233315090515575,0.3371712219957257,0.2059647036774092
