factor,Rho2(PC1),Rho2(PC2),Rho2(PC3)
genotype,0.4607212176324147,0.34714390065741413,0.34957466015381083
diet,0.29721441242676766,0.30711852503358295,0.21825852327782835
gender,0.28088635795199507,0.2989007319509251,0.24961404868740777
