factor,Rho2(PC1),Rho2(PC2),Rho2(PC3)
genotype,0.3947785181762017,0.3559957530613902,0.34775079547280324
diet,0.24195763330898468,0.32154884062219974,0.15815208479301143
gender,0.3238884333865029,0.3330344575132219,0.24832969759610685
