factor,Rho2(PC1),Rho2(PC2),Rho2(PC3)
genotype,0.4152320626840918,0.25470103877720274,0.7065661058723443
diet,0.3033829963682118,0.22461010108953644,0.19908537293745893
gender,0.5898979274500273,1.0,0.44147852383539704
