label,PC1,PC2,PC3
explained variance,84.68160140443906,68.02108644133766,54.87258418341533
explained variance ratio,0.10285791958155012,0.0826213406808107,0.06665060364427292
