factor,Rho2(PC1),Rho2(PC2),Rho2(PC3)
genotype,0.43528241084960967,0.25368998702422146,0.684269571799308
diet,0.27604628385141133,0.22906717378249303,0.20661157024793392
gender,0.5500363938416885,1.0,0.41566291304441083
