factor,R2(PC1),R2(PC2),R2(PC3)
genotype,0.4292496596914355,0.244444018246195,0.5259562850614166
diet,0.32384686968870097,0.1864924489631933,0.22746022840601046
gender,0.4080639928973872,0.9694931488833677,0.3154919399211959
