label,PC1,PC2,PC3
explained variance,23.399826827801434,16.069465435244684,13.291802709106546
explained variance ratio,0.11776916328355348,0.08087613265899377,0.06689641317010651
