factor,Rho2(PC1),Rho2(PC2),Rho2(PC3)
genotype,0.43264033858560447,0.6059207128099174,0.473115920529612
diet,0.22113883457490927,0.1850264922145329,0.3952341046712804
gender,0.7184148817524094,0.8441629773871145,0.8234106681989763
