factor,R2(PC1),R2(PC2),R2(PC3)
genotype,0.37982433511007885,0.5030479296441761,0.446356356186857
diet,0.1989534687168596,0.1450060508382233,0.4288533690847691
gender,0.5664536619254915,0.8158311099053795,0.8483270722961235
