label,PC1,PC2,PC3
explained variance,23.37347551124549,15.420569200825634,15.253974204250392
explained variance ratio,0.11219421486276673,0.07401974316533311,0.07322007625949226
