factor,Rho2(PC1),Rho2(PC2),Rho2(PC3)
genotype,0.43528241084960967,0.2806308131845349,0.6661440311418685
diet,0.19759688938774342,0.3149040266021333,0.24633704584775093
gender,0.7714851010895364,0.9853481833910037,0.577132714868884
