label,PC1,PC2,PC3
explained variance,85.77104371185345,64.31002451627566,63.37879425430806
explained variance ratio,0.09995490264577492,0.07494489936798304,0.07385967262772702
