label,PC1,PC2,PC3
explained variance,1325.0488741165682,371.9987833746383,163.4284298330122
explained variance ratio,0.6447905390568036,0.18102071610039866,0.07952695740335736
