label,PC1,PC2,PC3
explained variance,5596.5094841598675,1221.3890056112884,654.5516045872695
explained variance ratio,0.6386669535864812,0.1393834491955451,0.07469664447993864
