factor,R2(PC1),R2(PC2),R2(PC3)
MEM,0.8259578831795341,0.8997928189300901,0.8644643158626679
genotype,0.21976577815913229,0.228434649837853,0.23733283239134767
diet,0.10382004000457595,0.10290973748576122,0.11106062075692741
gender,0.20747987695178166,0.23185262765796563,0.21930965255306886
