factor,Rho2(PC1),Rho2(PC2),Rho2(PC3)
MEM,0.957613506630817,0.9499590514407268,0.9581647932448737
genotype,0.2814353754798948,0.25756491346045085,0.2544934141122467
diet,0.1473619621419273,0.12583223250148742,0.15946120858607438
gender,0.31050548868277666,0.256068788546258,0.3054277348891894
