factor,Rho2(PC1),Rho2(PC2),Rho2(PC3)
MEM,0.955585735058793,0.9508465933649775,0.956322445357068
genotype,0.26168367861482444,0.2639141477739155,0.262667523514432
diet,0.13729507452728854,0.1169526702266209,0.1756007252164883
gender,0.2734355083697522,0.29255053308471973,0.2736660238250031
